Country,Year,Debt,Tax_revenue,GDP_per_capita,GNI_per_capita,Population,Unemployment,Inflation,Interest,Income_Category
albania,2013,65.53,23.97749476,4413.063383,4540.0,432590.0,15.866,0.288745964,9.510397491,Upper-middle income
algeria,2013,6.477529332,32.67804598,5979.60139,5970.0,2526977.0,9.82,0.892752994,7.044358287,Upper-middle income
angola,2013,29.47305531,32.67089234,5057.747878,4700.0,6399381.0,16.492,2.839724126,12.61080218,Upper-middle income
argentina,2013,43.49606978,34.34910503,12963.67577,12760.0,14533991.0,7.1,23.94879842,-5.485839182,Upper-middle income
australia,2013,21.24442478,33.54996847,68190.701,66080.0,4386354.0,5.663,-0.163600551,6.353161025,High income
azerbaijan,2013,6.178835808,39.42281673,7875.345367,7450.0,2154896.0,4.97,0.445064509,17.6862204,Upper-middle income
bahrain,2013,42.27004058,23.40609091,26989.76011,25970.0,374008.0,1.182,0.499828956,5.408139596,High income
bangladesh,2013,28.34399469,9.23074604,958.2629898,1010.0,16389029.0,4.426,7.174953432,5.988693902,Low income
benin,2013,18.503746,13.52899431,1168.926993,1140.0,679183.0,2.099,1.397298395,3.836592954,Lower-middle income
bolivia,2013,28.29895393,39.03325223,2870.02377,2550.0,1700734.0,2.437,5.995388369,4.770029141,Lower-middle income
bosnia and herzegovina,2013,43.81296848,43.24089395,5034.56616,5170.0,342237.0,27.49,-0.224122003,7.276478303,Upper-middle income
brazil,2013,57.22840938,36.35870802,12458.89121,12950.0,20386559.0,7.071,7.504564533,18.49884442,Upper-middle income
bulgaria,2013,20.89299272,33.71843517,7687.713682,7600.0,1244740.0,12.941,0.07195181,8.96500604,Upper-middle income
burkina faso,2013,25.90062262,21.71259521,759.7620652,750.0,2004106.0,4.055,-2.129171178,7.5780202,Low income
burundi,2013,37.85760615,32.87032827,234.8430454,240.0,666016.0,1.584,7.953103999,6.664371597,Low income
canada,2013,42.58900132,38.46603517,52638.11872,52800.0,5728303.0,7.143,1.740737906,1.237716691,High income
chile,2013,12.7840642,22.64292828,15683.54864,15080.0,6420420.0,6.074,2.260770612,6.846326434,High income
colombia,2013,29.56935367,28.97765938,8279.102556,8010.0,9169561.0,9.246,1.907676432,8.90797441,Upper-middle income
costa rica,2013,35.09092804,13.27318206,10803.2402,9990.0,1258149.0,8.218,4.590211675,10.13299571,Upper-middle income
croatia,2013,78.27609263,42.23717934,14136.39677,13940.0,687363.0,17.251,0.732888866,8.451835241,High income
dominican republic,2013,24.2,14.07328966,6149.027489,5940.0,2801900.0,7.351,4.692819142,8.499705584,Upper-middle income
guatemala,2013,25.17966974,11.83024746,3444.159718,3300.0,2665488.0,3.017,3.358446346,9.906354068,Lower-middle income
guinea-bissau,2013,49.64515323,10.74284774,654.3045344,660.0,459356.0,3.162,-0.932275245,6.278306341,Low income
haiti,2013,25.11063396,11.8824585,1457.832212,1410.0,2314837.0,13.642,8.077148842,0.597120821,Lower-middle income
honduras,2013,43.11561343,23.84580826,2081.128435,1990.0,1153169.0,5.646,1.374030519,18.45328242,Lower-middle income
hungary,2013,74.57939952,47.4643781,13715.07036,13520.0,1736880.0,10.177,2.82053189,3.387825758,High income
india,2013,46.98192552,19.60032991,1432.843975,1500.0,24238725.0,7.711,6.186504001,3.865992863,Lower-middle income
indonesia,2013,24.88441918,16.86441738,3566.602845,3670.0,9950619.0,4.336,4.965990291,6.374931242,Lower-middle income
israel,2013,64.76582308,35.58018487,36929.60422,35090.0,3510465.0,6.137,1.703885277,2.66834635,High income
italy,2013,125.7207077,48.02610559,35747.70795,35550.0,4050069.0,12.149,1.125783988,3.973647986,High income
jamaica,2013,141.667458,27.14662115,5124.213014,5150.0,586108.0,9.698,8.415815657,8.578676322,Upper-middle income
japan,2013,183.2676627,31.16681993,40898.6479,48850.0,37115509.0,4.038,-0.354375054,1.664021933,High income
jordan,2013,75.58366154,23.53667885,4311.219167,4080.0,1617128.0,12.6,6.143623889,2.700469426,Upper-middle income
kenya,2013,39.75567297,17.98452898,1370.878852,1130.0,3627229.0,2.764,7.337562234,9.29394636,Lower-middle income
kuwait,2013,3.092188645,80.4781422,49651.04397,53330.0,2320822.0,2.471,0.223023776,4.328630682,High income
kyrgyz republic,2013,47.12475568,34.44764806,1269.663035,1180.0,898169.0,3.153,3.175188136,17.59058869,Lower-middle income
lebanon,2013,135.4029885,20.09150137,8162.379294,7880.0,2130079.0,8.458,2.578451092,4.649984661,Upper-middle income
madagascar,2013,36.24292359,9.29912629,515.3015894,490.0,2360694.0,0.996,5.452302455,50.76010319,Low income
malaysia,2013,52.25685785,24.30187564,10713.64076,10590.0,6414131.0,3.16,0.174474481,4.467530817,Upper-middle income
mexico,2013,29.53314633,23.10944834,11216.80085,10710.0,20850148.0,4.921,1.703882786,2.523945474,Upper-middle income
moldova,2013,19.67788442,30.87719702,3321.043978,3620.0,537398.0,1.873,3.923851222,8.054277576,Lower-middle income
mongolia,2013,49.42344757,31.22379006,4340.143105,4310.0,1269540.0,4.231,2.907848338,15.13409784,Upper-middle income
mozambique,2013,49.48241581,29.24878459,686.5056725,690.0,1129019.0,3.346,2.601236269,12.3968931,Low income
myanmar,2013,46.09764366,21.21376403,1199.095616,1260.0,4657462.0,0.775,4.378070843,11.13445484,Lower-middle income
namibia,2013,26.11341137,33.61825796,5346.621311,5900.0,345330.0,19.028,4.039790894,4.084375542,Upper-middle income
new zealand,2013,34.57612404,37.3473003,42977.38804,39950.0,1407043.0,5.839,4.16102482,1.317234333,High income
nicaragua,2013,28.83544882,23.90330661,1835.434364,1760.0,1012554.0,5.28,4.350180517,10.19109054,Lower-middle income
niger,2013,19.55442183,18.51584347,552.1033344,570.0,1044183.0,1.397,-0.369174082,5.677634437,Low income
nigeria,2013,10.48340164,11.48287339,2872.790834,2600.0,11485551.0,3.711,4.964745716,11.20162222,Lower-middle income
north macedonia,2013,33.82872278,27.83692077,5626.261157,5400.0,543978.0,29.017,4.483293154,3.831266848,Upper-middle income
norway,2013,19.54626278,54.06281196,103553.8401,104830.0,940522.0,3.425,2.553238917,1.752027631,High income
oman,2013,4.660549272,42.070601,23458.02338,22920.0,956235.0,3.547,-2.220411853,7.911581547,High income
pakistan,2013,58.25782342,12.0252443,1225.434012,1210.0,13593039.0,2.954,7.383106967,4.28626671,Lower-middle income
papua new guinea,2013,24.88958091,20.74002382,2560.77459,2340.0,331232.0,2.692,3.586935389,6.316495981,Lower-middle income
paraguay,2013,10.37023074,16.19550759,6435.683427,5970.0,2808903.0,4.385,4.337676095,14.31208516,Upper-middle income
peru,2013,16.09976454,22.21274652,6746.800257,6410.0,9445291.0,3.575,1.057234351,16.90330807,Upper-middle income
qatar,2013,30.88322557,47.56324262,103697.0084,96800.0,562435.0,0.28,0.767488572,4.312090758,High income
romania,2013,36.62214027,31.72931917,9497.674116,9390.0,1867514.0,7.096,1.394586615,9.002367571,Upper-middle income
russian federation,2013,11.05804746,33.48969105,15941.44824,15160.0,11814466.0,5.513,5.320138872,3.937070193,High income
rwanda,2013,26.06505341,24.88497862,704.9241902,710.0,886397.0,11.785,2.689701759,14.2462824,Low income
senegal,2013,36.8604693,17.75485545,1379.831966,1350.0,2620448.0,4.986,1.18613047,4.053292196,Lower-middle income
south africa,2013,40.35590368,25.00588786,7331.654674,7930.0,4676386.0,24.561,5.844111401,2.509245497,Upper-middle income
sri lanka,2013,69.45692766,11.60455567,3740.615893,3630.0,568957.0,4.186,6.252885259,5.835557368,Lower-middle income
switzerland,2013,16.01302912,32.09764001,87304.33058,90590.0,1298675.0,4.747,-0.08684264,2.778422162,High income
thailand,2013,29.63239281,22.23208968,6018.082447,5580.0,8931731.0,0.249,1.778745892,3.224334982,Upper-middle income
togo,2013,41.07102223,15.40280905,826.5432595,830.0,1565495.0,2.085,1.683275901,3.544559385,Low income
trinidad and tobago,2013,21.5306835,28.88387209,21416.36608,20260.0,545485.0,2.683,1.653911116,5.750972904,High income
uganda,2013,22.07978225,10.11214866,818.2854274,810.0,2335743.0,1.91,3.586905826,19.01463002,Low income
ukraine,2013,39.88326918,43.32520246,4129.896973,3900.0,2854466.0,7.17,4.308793437,11.83064836,Lower-middle income
united kingdom,2013,84.40832599,36.46313128,43426.29814,42790.0,8414132.0,7.704,2.109441023,-1.576192178,High income
united states,2013,84.94861136,31.22160696,53409.75078,53860.0,18534163.0,7.375,1.701880361,1.522213389,High income
uruguay,2013,35.64545596,27.10459254,18335.25948,16480.0,1688078.0,6.444,8.999246669,3.151231219,High income
albania,2014,70.03000011,26.27161067,4578.633208,4540.0,440865.0,18.055,1.54991707,6.324557533,Upper-middle income
algeria,2014,6.852796555,29.80231659,6094.693923,6030.0,2559445.0,10.207,1.450364661,6.4559998,Upper-middle income
angola,2014,35.27418584,27.23451154,5005.999741,4800.0,6789357.0,16.406,3.560884772,12.38052977,Upper-middle income
argentina,2014,44.6968502,34.60050241,12233.14441,12240.0,14619510.0,7.268,40.28297163,-11.60069877,Upper-middle income
australia,2014,24.59274596,33.81987674,62544.08738,65220.0,4464625.0,6.078,1.405396016,4.481619482,High income
azerbaijan,2014,8.532623898,39.1165319,7890.840281,7740.0,2180456.0,4.91,-1.28499552,19.39167771,Upper-middle income
bahrain,2014,42.63014868,23.96600495,26451.79656,25480.0,406095.0,1.141,-1.440436835,7.415587015,High income
bangladesh,2014,28.68266374,9.129085611,1094.461997,1080.0,16982363.0,4.416,5.668788525,6.885866277,Lower-middle income
benin,2014,22.28207466,12.57401213,1204.399187,1180.0,708578.0,1.872,-0.247782654,5.599991796,Lower-middle income
bolivia,2014,27.74243822,39.8465415,3041.435031,2800.0,1722823.0,2.021,2.049497645,7.491198632,Lower-middle income
bosnia and herzegovina,2014,47.23393851,43.39743062,5206.065583,5180.0,342305.0,27.517,1.000337219,5.58529959,Upper-middle income
brazil,2014,58.45727111,35.1514999,12274.99397,12280.0,20633309.0,6.755,7.846709744,22.40367244,Upper-middle income
bulgaria,2014,31.22973208,33.42860544,7912.274844,7690.0,1250228.0,11.424,1.340782874,6.830279574,Upper-middle income
burkina faso,2014,26.08579712,19.19030772,764.8616751,730.0,2099945.0,4.251,-0.620386926,5.995918151,Low income
burundi,2014,37.97066655,24.52942044,250.5404811,240.0,707191.0,1.572,5.305656028,9.840570485,Low income
canada,2014,40.57405441,38.54537926,50960.84312,52200.0,5797381.0,7.023,1.941198977,1.038638973,High income
chile,2014,15.01974805,22.35624163,14529.67672,14690.0,6471588.0,6.483,5.852891628,2.121025308,High income
colombia,2014,32.88504133,29.51716554,8187.208249,8280.0,9434817.0,8.799,2.235632376,8.442949352,Upper-middle income
costa rica,2014,37.48029923,12.94649602,10911.49788,10410.0,1277471.0,8.499,6.20692042,8.187917606,Upper-middle income
croatia,2014,81.7219741,43.32804824,14187.96945,13810.0,687007.0,17.29,0.12654452,8.442771615,High income
dominican republic,2014,24.4,14.24710997,6512.507714,6240.0,2872340.0,6.719,4.321288938,9.184329642,Upper-middle income
guatemala,2014,24.79268548,11.67475608,3689.144725,3460.0,2701628.0,2.717,2.860311607,10.60955538,Lower-middle income
guinea-bissau,2014,60.35567391,20.52323573,652.022501,660.0,477648.0,3.254,1.297557372,3.989016188,Low income
haiti,2014,21.35362314,10.9883861,1460.188986,1460.0,2375913.0,13.755,2.218986039,8.36864816,Lower-middle income
honduras,2014,44.44062146,24.7410013,2179.88172,1980.0,1192384.0,7.078,6.849356725,12.88062187,Lower-middle income
hungary,2014,75.05424755,47.27098005,14294.25842,13560.0,1741381.0,7.725,3.692726095,0.727927851,High income
india,2014,46.02538828,19.14937351,1553.883961,1540.0,25039086.0,7.674,3.331756917,6.69517609,Lower-middle income
indonesia,2014,24.68167276,16.56021658,3441.068085,3570.0,10061387.0,4.049,5.443174549,6.792118581,Lower-middle income
israel,2014,63.72465086,35.91320925,38230.4954,36660.0,3605329.0,5.789,0.658477267,3.2277007,High income
italy,2014,129.2175596,47.89864237,35750.71975,34920.0,4081506.0,12.683,0.902550731,3.928657805,High income
jamaica,2014,140.287878,26.24572353,4975.11327,5060.0,586702.0,9.046,6.929945891,9.620375908,Upper-middle income
japan,2014,186.435853,32.77291099,38475.39525,44440.0,37185742.0,3.589,1.686294786,-0.459381592,High income
jordan,2014,75.01317056,27.10312855,4191.180501,3980.0,1698026.0,11.9,3.445323563,5.360006858,Lower-middle income
kenya,2014,41.28103091,17.67152073,1482.815663,1250.0,3767652.0,2.768,7.635031901,8.249078992,Lower-middle income
kuwait,2014,3.429404775,75.2803381,44368.78137,51350.0,2441330.0,2.9,-6.757963055,11.82558148,High income
kyrgyz republic,2014,53.59678577,35.43978697,1264.526795,1230.0,916999.0,3.262,8.415225436,10.80871833,Lower-middle income
lebanon,2014,138.4011696,22.61681172,7577.64133,7440.0,2178834.0,8.833,0.105278623,7.161348674,Upper-middle income
madagascar,2014,37.84849393,10.59406308,505.6849225,490.0,2486060.0,1.386,6.73177081,49.90850314,Low income
malaysia,2014,51.93806955,23.32852953,11013.31073,10840.0,6629176.0,2.88,2.467466784,2.068518216,Upper-middle income
mexico,2014,31.44322769,22.57812151,11391.37735,10950.0,21093544.0,4.819,4.368368913,-0.782518933,Upper-middle income
moldova,2014,20.58009045,31.80669776,3289.957586,3730.0,531742.0,1.425,5.143207217,5.582189224,Lower-middle income
mongolia,2014,43.9627848,28.41817232,4126.239758,4180.0,1316169.0,4.798,7.448836595,10.77405246,Lower-middle income
mozambique,2014,63.40251206,29.98019094,697.1426804,710.0,1232663.0,3.377,1.085870896,13.5647501,Low income
myanmar,2014,35.44592274,22.46183522,1293.000423,1260.0,4753425.0,0.763,3.910225193,11.63482688,Lower-middle income
namibia,2014,27.57162002,35.34842099,5378.323262,5690.0,356389.0,18.521,8.234891799,0.428951201,Upper-middle income
new zealand,2014,34.17675017,37.34812478,44578.22539,41680.0,1435785.0,5.428,0.481109439,5.297570118,High income
nicaragua,2014,28.68961852,23.69460056,1958.369665,1850.0,1019526.0,4.52,8.391960213,4.747567196,Lower-middle income
niger,2014,22.08588026,17.51403716,565.3098973,590.0,1076101.0,0.524,-0.405676845,5.767407214,Low income
nigeria,2014,10.57889833,10.93691988,3088.721313,2870.0,11856391.0,3.902,4.662622917,11.35621302,Lower-middle income
north macedonia,2014,37.9156405,27.51942172,5925.385922,5630.0,551796.0,28.215,1.446967858,6.228067079,Upper-middle income
norway,2014,15.35380262,53.79734244,97666.69518,105070.0,954433.0,3.486,0.258332849,3.943147373,High income
oman,2014,4.038680231,39.83847599,23160.65023,22060.0,1062439.0,3.449,1.757299549,3.407896829,High income
pakistan,2014,57.81717704,13.72497189,1266.613408,1250.0,13936754.0,1.827,7.209765439,4.216252635,Lower-middle income
papua new guinea,2014,26.894612,20.78540517,2723.175298,2790.0,338069.0,2.536,5.437392654,3.735335805,Lower-middle income
paraguay,2014,12.42674405,16.86418199,6652.254789,6290.0,2887087.0,5.034,2.857006485,17.81994433,Upper-middle income
peru,2014,17.00764599,22.25440866,6667.134104,6520.0,9627261.0,3.208,2.432441085,12.99478509,Upper-middle income
qatar,2014,24.91195724,45.66766757,95840.63101,92440.0,575962.0,0.2,-1.482751063,6.543701477,High income
romania,2014,38.26778759,31.77228317,10031.77108,9760.0,1858195.0,6.802,1.714170933,6.637877828,Upper-middle income
russian federation,2014,13.78640609,33.86823513,14055.47266,14590.0,11931224.0,5.212,7.490071117,3.397146836,High income
rwanda,2014,28.30825965,23.56144647,724.9575212,720.0,918304.0,11.844,4.732373488,11.9607651,Low income
senegal,2014,42.36570882,19.20359149,1398.891376,1370.0,2688423.0,5.841,-1.515859735,6.95969224,Lower-middle income
south africa,2014,43.2533849,25.39472525,6856.731371,7230.0,4828133.0,24.89,5.366546185,3.56702763,Upper-middle income
sri lanka,2014,69.56052243,11.17944984,3971.919131,3810.0,575000.0,4.157,1.920628811,5.80537155,Lower-middle income
switzerland,2014,15.40039109,31.92647326,88724.99094,88250.0,1312774.0,4.826,-0.653123804,3.365102086,High income
thailand,2014,29.89091747,21.48632585,5801.197892,5620.0,9164225.0,0.576,1.441465365,3.457843171,Upper-middle income
togo,2014,44.93025671,14.78673277,855.5852849,850.0,1599990.0,2.142,0.479875774,4.835254345,Low income
trinidad and tobago,2014,23.30055682,28.45764393,22074.42631,20800.0,545272.0,2.477,-0.916060797,8.493869808,High income
uganda,2014,24.76785201,10.82458998,896.0547955,830.0,2453399.0,2.348,5.106307324,15.67738412,Low income
ukraine,2014,69.5995841,40.31391485,3054.908203,3500.0,2874632.0,9.27,15.90173753,1.567106913,Lower-middle income
united kingdom,2014,86.15758056,35.61132963,47439.61659,44580.0,8536861.0,6.363,1.318902539,-0.808242607,High income
united states,2014,85.64163419,31.29793206,55304.31553,55670.0,18590808.0,6.168,1.741618053,1.482561391,High income
uruguay,2014,36.36608921,26.49590626,18322.42768,17140.0,1697749.0,6.547,10.2206566,4.820769321,High income
albania,2015,72.67007549,26.43999403,3952.803574,4390.0,449298.0,17.193,0.56399135,7.272492422,Lower-middle income
algeria,2015,7.731179434,27.03919297,4685.059027,5390.0,2592330.0,11.206,-4.986744795,13.66835056,Upper-middle income
angola,2015,50.38581995,21.29864439,3213.902611,3920.0,7023206.0,16.49,-3.518385346,21.14418153,Lower-middle income
argentina,2015,52.56264331,35.36577202,13679.6265,12500.0,14705533.0,7.579,26.5799916,-1.314708785,High income
australia,2015,28.45202841,34.46095974,56739.02653,60520.0,4544293.0,6.055,-0.623858471,6.237773348,High income
azerbaijan,2015,17.98039224,33.86609476,5500.503646,6610.0,2206320.0,4.96,-8.849692569,28.94544185,Upper-middle income
bahrain,2015,63.17987269,17.38525753,23734.05511,23640.0,440935.0,1.16,-8.756673402,15.25317769,High income
bangladesh,2015,28.20581889,8.213396253,1224.386477,1200.0,17597177.0,4.396,5.872777041,5.512644316,Lower-middle income
benin,2015,30.90022983,12.59972709,1002.418869,1100.0,757922.0,1.82,0.851504261,4.266334386,Low income
bolivia,2015,29.50644811,37.65031978,2996.012898,2920.0,1745199.0,3.111,-4.620602295,13.30880295,Lower-middle income
bosnia and herzegovina,2015,46.37557622,42.49432246,4662.258837,5140.0,342373.0,27.695,1.365730709,4.363562765,Upper-middle income
brazil,2015,67.53755403,36.9099194,8936.196618,10330.0,20883046.0,8.538,7.566175012,33.83234397,Upper-middle income
bulgaria,2015,29.65565709,34.55493694,7078.860323,7420.0,1255741.0,9.143,2.947746487,4.372237696,Upper-middle income
burkina faso,2015,31.2510933,18.26902538,630.1247508,680.0,2200368.0,4.461,-2.223954179,7.545939073,Low income
burundi,2015,39.92597971,15.60861195,280.9668313,240.0,750911.0,1.442,21.31874702,-4.937060845,Low income
canada,2015,43.16631339,39.95657244,43594.1941,47580.0,5867292.0,6.945,-0.867651312,3.67453345,High income
chile,2015,17.37466028,22.93943628,13433.9203,14080.0,6523164.0,6.313,4.954365527,0.534100505,High income
colombia,2015,37.29930858,27.75712783,6248.514905,7420.0,9707746.0,8.572,2.449328421,8.785473732,Upper-middle income
costa rica,2015,39.77484866,13.23686603,11714.7106,10770.0,1297091.0,8.415,3.955215397,9.887063287,Upper-middle income
dominican republic,2015,22.8,16.6481649,6819.932252,6480.0,2944551.0,7.605,2.471885977,12.10554541,Upper-middle income
guatemala,2015,24.92010158,11.10948294,3893.505218,3610.0,2738259.0,2.506,2.23162146,10.75584871,Lower-middle income
guinea-bissau,2015,56.5717901,18.34174634,645.0668372,670.0,496669.0,3.157,14.5196629,-8.178068285,Low income
haiti,2015,23.88886201,11.27529103,1411.126847,1430.0,2438601.0,13.724,5.205963298,7.335487261,Lower-middle income
honduras,2015,44.32557985,25.24078694,2271.20266,2030.0,1232933.0,6.147,6.932770369,12.83497683,Lower-middle income
hungary,2015,73.76669491,48.37570616,12717.0386,13230.0,1745894.0,6.813,2.775741908,0.123325583,Upper-middle income
india,2015,45.7738419,19.85389029,1583.998159,1580.0,25865875.0,7.631,2.279588108,7.556488414,Lower-middle income
indonesia,2015,27.45999096,14.87824028,3288.222697,3390.0,10173388.0,4.514,3.98024266,8.349910635,Lower-middle income
israel,2015,61.77937257,36.27892159,36123.99079,36550.0,3702758.0,5.176,2.334512383,1.099231716,High income
italy,2015,129.5131333,47.78464707,30387.12932,33030.0,4113186.0,11.896,0.782776475,3.320481576,High income
jamaica,2015,124.0267233,26.98957069,5062.895565,4850.0,587296.0,8.825,6.655407824,9.677050802,Upper-middle income
japan,2015,188.2476966,33.61743642,34960.63938,39380.0,37256109.0,3.385,2.111298993,-0.94844123,High income
jordan,2015,78.4231487,24.30089643,4042.756781,3840.0,1782971.0,13.075,2.169752117,6.172976266,Lower-middle income
kenya,2015,45.83172211,17.14451715,1489.119598,1320.0,3913512.0,2.762,9.238654684,6.268805783,Lower-middle income
kuwait,2015,4.604432996,71.89752469,29882.21269,41830.0,2568096.0,2.2,-25.95833147,40.85973759,High income
kyrgyz republic,2015,67.0873453,35.56689201,1105.65203,1160.0,936223.0,3.338,3.427287503,19.53336065,Lower-middle income
lebanon,2015,140.8407291,19.17516474,7714.11,7360.0,2228705.0,9.306,3.335784449,3.633832079,Upper-middle income
madagascar,2015,44.06229875,10.17888426,445.3200695,460.0,2618084.0,1.785,6.503716692,47.14666449,Low income
malaysia,2015,53.57448467,22.16229994,9648.679794,10350.0,6851431.0,3.1,1.218055734,3.307037704,Upper-middle income
mexico,2015,33.77819299,22.69858416,10021.23861,10580.0,21339781.0,4.311,3.225428927,0.207059193,Upper-middle income
moldova,2015,22.99033492,29.9616526,2749.551371,3290.0,526146.0,1.742,11.57431496,2.30781539,Lower-middle income
mongolia,2015,50.54688641,26.13433054,3838.92127,3770.0,1364512.0,4.861,0.609769218,18.838079,Lower-middle income
mozambique,2015,86.03445879,25.61112947,610.5637747,670.0,1345821.0,3.426,7.059950335,7.291755358,Low income
myanmar,2015,36.37404365,21.42500395,1166.733055,1230.0,4851365.0,0.766,4.136696739,11.39204875,Lower-middle income
namibia,2015,42.09002084,35.37247123,4774.106509,5180.0,367802.0,20.808,3.864574351,5.25645279,Upper-middle income
new zealand,2015,34.19182913,37.58861305,38639.35019,40650.0,1465113.0,5.415,1.4440385,4.25698894,High income
nicaragua,2015,28.91078254,23.80875434,2074.454465,1910.0,1026545.0,4.7,7.589286705,4.148245658,Lower-middle income
niger,2015,29.870103,17.49099038,485.6625742,560.0,1108994.0,0.553,2.249426436,2.840837677,Low income
nigeria,2015,11.50321542,7.250924348,2585.733607,2760.0,12239206.0,4.135,2.863665123,13.59615325,Lower-middle income
north macedonia,2015,37.87002132,28.74708831,5262.686719,5550.0,559726.0,26.395,2.003420846,5.34575818,Upper-middle income
norway,2015,15.42456144,54.19066553,74809.9658,93440.0,968549.0,4.296,-2.804468122,6.486376482,High income
oman,2015,13.85657473,31.06943839,18808.30779,20550.0,1180439.0,3.401,-19.14647252,29.71419215,High income
pakistan,2015,57.885835,13.09416523,1380.470208,1280.0,14289160.0,3.566,4.441980334,5.470839389,Lower-middle income
papua new guinea,2015,29.93076115,18.29613531,2484.59634,2520.0,345048.0,2.503,-1.231118417,10.08781132,Lower-middle income
paraguay,2015,14.82664429,17.54082389,5879.337923,6100.0,2967447.0,4.556,1.60388801,17.84574245,Upper-middle income
peru,2015,20.08324934,20.13648402,6231.711503,6340.0,9812737.0,3.272,2.690520901,13.06382202,Upper-middle income
qatar,2015,35.54688118,57.00665667,68985.2947,80370.0,595462.0,0.17,-25.1298075,39.48937305,High income
romania,2015,37.36165759,32.81623847,8977.017482,9610.0,1848922.0,6.812,3.264534943,3.392224696,Upper-middle income
russian federation,2015,14.14899884,31.88702711,9277.713867,11740.0,12049135.0,5.615,7.249735907,7.894593575,Upper-middle income
rwanda,2015,32.36881022,23.91101021,733.998585,740.0,951359.0,11.838,0.485928792,16.76593404,Low income
senegal,2015,44.50872572,19.2835082,1218.006136,1310.0,2758161.0,6.757,1.06978462,4.041150441,Lower-middle income
south africa,2015,45.19546606,25.79009721,6112.273825,6450.0,4984804.0,25.149,5.545528123,3.667742833,Upper-middle income
sri lanka,2015,76.33378993,12.62984042,4060.131397,3920.0,581107.0,4.519,3.014380798,3.827736643,Lower-middle income
switzerland,2015,14.70612459,33.02191279,83806.4476,86810.0,1327026.0,4.801,-1.265056875,3.996447542,High income
thailand,2015,32.0900985,22.46388805,5688.853354,5560.0,9402771.0,0.597,0.722113573,3.981013973,Upper-middle income
togo,2015,52.38223608,15.85506943,751.0524051,840.0,1635246.0,2.204,2.202711273,2.887844517,Low income
trinidad and tobago,2015,26.89465811,26.57307502,20024.75466,20740.0,545058.0,2.428,-8.733614249,18.53487909,High income
uganda,2015,28.02164443,12.29720195,862.9346104,850.0,2576982.0,2.679,5.187859865,16.5546646,Low income
ukraine,2015,79.06203295,41.88367271,2094.473877,2760.0,2894942.0,9.14,38.88167976,-12.28292898,Lower-middle income
united states,2015,86.48770156,31.50143755,57040.20821,56510.0,18647626.0,5.28,0.928042795,2.310514641,High income
uruguay,2015,43.75688871,26.49408762,17125.90168,17070.0,1707475.0,7.488,9.855420322,5.448671586,High income
albania,2016,72.38004277,27.64188583,4124.05539,4320.0,457892.0,15.418,-0.632653419,7.413723259,Lower-middle income
algeria,2016,18.09442977,25.33231861,4424.98529,4920.0,2625638.0,10.202,0.856688224,7.08263567,Upper-middle income
angola,2016,66.67000499,15.44030855,1807.952941,2540.0,7265449.0,16.575,21.77423559,-4.922003097,Lower-middle income
argentina,2016,53.06017955,34.86735169,12699.96231,12130.0,14792181.0,8.085,41.11937999,-7.006039843,Upper-middle income
australia,2016,31.62437041,34.84041911,49888.04108,54100.0,4625496.0,5.711,-0.66315762,6.124606749,High income
azerbaijan,2016,20.60832562,34.25509852,3880.685228,4790.0,2232526.0,5.0,14.67140025,1.485833836,Lower-middle income
bangladesh,2016,27.71982274,8.438037547,1649.283809,1400.0,18234249.0,4.35,27.85073772,-13.64213564,Lower-middle income
benin,2016,35.92334976,11.13915576,1010.533896,1040.0,810702.0,1.784,0.683591111,4.580099734,Low income
bolivia,2016,31.15892574,32.6856957,3035.873478,3000.0,1767866.0,3.498,-1.354870536,9.434724905,Lower-middle income
bosnia and herzegovina,2016,44.87429009,41.79712697,4928.566525,5070.0,342441.0,25.408,1.333305967,3.853482163,Upper-middle income
brazil,2016,73.41881552,37.5126817,8836.286526,9050.0,21136155.0,11.58,8.103604359,40.69836145,Upper-middle income
bulgaria,2016,33.65094565,34.26435905,7570.931655,7380.0,1261286.0,7.575,3.323559204,2.970723702,Upper-middle income
burkina faso,2016,32.85450104,18.55011833,663.7423648,650.0,2305593.0,4.587,2.604299192,2.622405522,Low income
burundi,2016,46.11901291,15.46289705,235.2862054,240.0,797334.0,1.347,0.973176442,13.13730771,Low income
canada,2016,42.87800507,40.30006887,42314.06158,43900.0,5938144.0,7.038,0.716978141,1.968905239,High income
chile,2016,21.1005045,22.70603662,13649.85205,13310.0,6575151.0,6.673,4.560656044,0.982913241,High income
colombia,2016,37.37581808,27.71966849,5959.842504,6560.0,9988963.0,8.922,5.148334305,9.032095057,Upper-middle income
costa rica,2016,43.78136012,13.66178919,12091.03016,11170.0,1317039.0,8.085,1.958764802,9.493883461,Upper-middle income
dominican republic,2016,23.2,13.87120692,7174.823496,6760.0,3018681.0,7.284,1.993678465,12.8346074,Upper-middle income
guatemala,2016,25.03499189,11.45567129,4060.137556,3760.0,2775437.0,2.583,2.707191297,10.12049423,Lower-middle income
guinea-bissau,2016,59.30937277,15.17456755,679.6653866,670.0,516448.0,3.123,2.840727737,2.386478895,Low income
haiti,2016,24.38645763,10.66462985,1318.402682,1380.0,2502942.0,13.852,15.70321453,-2.135389703,Lower-middle income
honduras,2016,45.9804229,26.98519821,2307.344684,2090.0,1274860.0,6.727,3.678068144,15.09853656,Lower-middle income
hungary,2016,73.34315455,45.00076616,13104.69955,13100.0,1750425.0,5.115,1.320471995,0.758582251,Upper-middle income
india,2016,45.53249258,20.11283383,1707.508929,1670.0,26719965.0,7.601,3.237974951,6.232711415,Lower-middle income
indonesia,2016,28.34653136,14.35953029,3521.469435,3370.0,10286636.0,4.301,2.438924087,9.224432344,Lower-middle income
israel,2016,60.02482156,36.02055442,37556.62729,36830.0,3802958.0,4.723,0.378235723,3.030457747,High income
italy,2016,129.320548,46.57525328,31126.32469,31960.0,4145112.0,11.688,1.24817182,2.220281914,High income
jamaica,2016,115.4346314,27.95872295,5009.794501,4750.0,587891.0,8.634,4.664111756,11.2974879,Upper-middle income
japan,2016,193.1151475,33.62966659,39375.47316,38460.0,37326706.0,3.132,0.419944376,0.62219276,High income
jordan,2016,77.43171555,24.76105708,3986.71677,3810.0,1872292.0,15.275,1.362006642,6.662253029,Lower-middle income
kenya,2016,50.39855127,17.89141151,1554.126103,1490.0,4065018.0,2.757,5.849628946,10.11812871,Lower-middle income
kuwait,2016,9.884195814,67.28844807,27323.68906,34920.0,2701443.0,2.16,-6.837841374,12.14487177,High income
kyrgyz republic,2016,59.07281848,33.13284958,1103.274984,1090.0,955878.0,3.474,6.050564271,17.42687928,Lower-middle income
lebanon,2016,146.4031436,19.39851379,8089.012088,7670.0,2279717.0,9.786,0.871295202,7.414932183,Upper-middle income
madagascar,2016,40.28076563,12.43833116,453.9707145,440.0,2757316.0,1.947,8.96008073,46.84276932,Low income
malaysia,2016,51.89059567,20.25480232,9476.534098,9800.0,7081137.0,3.44,1.658259966,2.825945183,Upper-middle income
mexico,2016,35.87860097,23.841112,9097.923977,9740.0,21419976.0,3.853,6.077587823,-1.247597333,Upper-middle income
moldova,2016,31.58036188,28.57135509,2847.087948,3170.0,520608.0,1.557,3.550873831,10.35737418,Lower-middle income
mongolia,2016,78.67780667,24.38243257,3619.900264,3460.0,1414700.0,7.235,2.993126761,16.26167578,Lower-middle income
mozambique,2016,124.8076294,23.67433066,441.4897348,550.0,1469545.0,3.457,12.16089129,8.037660794,Low income
myanmar,2016,38.33438936,19.56494944,1229.197135,1230.0,4951323.0,1.058,3.615678095,11.95216992,Lower-middle income
namibia,2016,45.83294349,32.45914638,4395.687762,4580.0,379580.0,23.352,7.968672012,1.737319303,Upper-middle income
new zealand,2016,33.37344881,37.42867319,40070.89566,39440.0,1495083.0,5.147,2.410432574,2.548959802,High income
nicaragua,2016,30.92338861,24.91609465,2131.688285,1980.0,1033622.0,3.9,4.59008267,6.547671257,Lower-middle income
niger,2016,32.82682659,14.89807868,502.7064754,530.0,1142940.0,0.548,1.792721466,3.440598192,Low income
nigeria,2016,14.17212788,5.116838066,2070.412734,2370.0,12634381.0,4.499,9.543670064,6.686233623,Lower-middle income
north macedonia,2016,39.72142389,28.40546475,5598.486226,5440.0,567771.0,24.312,3.465252857,3.433369965,Upper-middle income
norway,2016,16.54721465,54.44085192,70867.361,81870.0,982894.0,4.68,-1.598097164,4.743909446,High income
oman,2016,29.33806513,24.99631792,17110.18975,18550.0,1311734.0,3.266,-9.136275276,15.45980935,High income
pakistan,2016,60.80878111,13.78875246,1424.691612,1360.0,14650981.0,2.285,0.922163326,7.761265133,Lower-middle income
papua new guinea,2016,33.74013126,16.1221065,2316.394798,2410.0,352171.0,2.472,2.517845936,5.712976777,Lower-middle income
paraguay,2016,15.49437938,17.32548837,5775.159634,5880.0,3050044.0,5.255,4.134754444,13.38659908,Upper-middle income
peru,2016,21.04655847,18.62903718,6217.036,6130.0,10002049.0,3.741,3.08088269,12.98525678,Upper-middle income
qatar,2016,46.70677434,30.93508116,61253.63755,69170.0,626458.0,0.15,-8.976699058,14.30115571,High income
romania,2016,38.07563563,29.31640487,9404.540059,9460.0,1839695.0,5.901,2.619918574,3.010378624,Upper-middle income
russian federation,2016,13.84524804,32.91612824,8663.158203,9680.0,12168377.0,5.591,2.844222698,9.484354473,Upper-middle income
rwanda,2016,36.54667049,22.86575161,729.5191542,730.0,985604.0,11.801,5.030122141,11.67431236,Low income
senegal,2016,47.5235874,20.69098749,1266.439572,1270.0,2829709.0,4.455,0.95564952,4.298274045,Lower-middle income
south africa,2016,47.1340493,26.1835742,5651.205852,5880.0,5146559.0,26.536,6.952171961,3.278251678,Upper-middle income
sri lanka,2016,75.00026863,13.21751687,4149.761055,4020.0,587279.0,4.242,5.443221715,4.789413237,Lower-middle income
switzerland,2016,13.70933928,32.67801211,82153.07454,83360.0,1341453.0,4.918,-0.583291592,3.248908871,High income
thailand,2016,30.55733202,21.77022301,5833.577156,5550.0,9647526.0,0.688,2.63616762,1.78511917,Upper-middle income
togo,2016,59.90939888,15.87817277,772.5817871,800.0,1671279.0,2.968,1.457764754,3.782101109,Low income
trinidad and tobago,2016,35.30197303,21.28366451,17521.80075,17960.0,544844.0,3.207,-0.741516049,9.814290589,High income
uganda,2016,31.33293961,12.54575124,752.6965717,810.0,2706790.0,3.008,4.781000291,18.23339373,Low income
ukraine,2016,80.89986669,38.32604206,2158.461182,2330.0,2915423.0,9.35,17.09713492,1.827569687,Lower-middle income
united states,2016,88.83493664,30.97670288,58206.61419,57060.0,18704696.0,4.869,0.950322479,2.537232299,High income
uruguay,2016,43.17863946,26.98656732,17009.75869,16490.0,1717257.0,7.841,8.165458352,7.40056466,High income
albania,2017,70.11993307,27.75601551,4531.032207,4290.0,466651.0,13.616,1.450731581,4.701068533,Upper-middle income
algeria,2017,24.01514578,28.70151734,4554.66754,4440.0,2659373.0,12.0,4.938007295,2.91790628,Upper-middle income
angola,2017,60.49212622,15.28511858,2437.259712,2090.0,7515345.0,16.61,22.61451403,-5.552697982,Lower-middle income
argentina,2017,57.02784192,34.42811289,14532.50093,13070.0,14879100.0,8.347,26.00637928,0.455892832,High income
australia,2017,32.37792668,35.0195954,53901.71454,51480.0,4708150.0,5.592,3.653184418,1.536195526,High income
azerbaijan,2017,22.50860846,34.22922604,4147.198142,4110.0,2258971.0,5.0,16.17240031,0.318577983,Lower-middle income
bangladesh,2017,28.30601195,8.068159778,1811.082217,1640.0,18894385.0,4.372,5.047597582,4.276539894,Lower-middle income
benin,2017,39.59846316,13.58122705,1054.974081,1020.0,867158.0,1.659,-0.367897725,7.329027718,Low income
bolivia,2017,34.2786329,30.74273932,3306.303012,3050.0,1790827.0,3.655,6.061399961,1.931420924,Lower-middle income
bosnia and herzegovina,2017,38.61591254,41.77096116,5345.019855,5070.0,342509.0,20.527,1.778707027,2.555420954,Upper-middle income
brazil,2017,78.60890145,36.32766002,10080.50928,8830.0,21391624.0,12.792,3.671384513,41.71380787,Upper-middle income
bulgaria,2017,29.60435637,32.85192261,8381.881346,7600.0,1266840.0,6.164,4.813121312,0.597670419,Upper-middle income
burkina faso,2017,33.88232548,19.34308682,709.0915359,650.0,2415851.0,4.656,1.41629728,5.024211614,Low income
burundi,2017,46.90232945,19.08708858,236.6944726,240.0,846627.0,1.247,11.44918261,3.00359678,Low income
canada,2017,41.28240093,40.34296269,45129.62812,42900.0,6009852.0,6.426,2.571014654,0.125752237,High income
chile,2017,23.6516389,22.86508948,14879.90862,13200.0,6627552.0,7.257,4.828191882,-0.262655301,High income
colombia,2017,38.29219177,26.82500132,6479.532313,6030.0,10277518.0,9.086,5.1337359,8.134491128,Upper-middle income
costa rica,2017,46.78176155,13.27775324,12317.09028,11580.0,1337237.0,7.729,2.858883728,8.269830327,Upper-middle income
dominican republic,2017,23.5,13.97660202,7499.692862,6990.0,3094465.0,5.832,4.181375034,9.338161416,Upper-middle income
guatemala,2017,25.1537883,11.3933665,4324.996079,3980.0,2813016.0,2.462,1.747914109,11.11202392,Upper-middle income
guinea-bissau,2017,51.94814385,16.78750369,783.1231866,710.0,537014.0,3.066,10.39612092,-4.761146387,Low income
haiti,2017,22.51639854,9.920365606,1395.239452,1370.0,2568981.0,13.881,13.7798774,-0.905881386,Lower-middle income
honduras,2017,47.43658535,26.45014746,2413.007656,2210.0,1318213.0,5.528,4.512842976,14.10912758,Lower-middle income
hungary,2017,71.36369806,44.25864888,14621.2396,13180.0,1754955.0,4.156,4.029705051,-2.449840292,High income
india,2017,44.27265823,20.0044269,1950.104683,1790.0,27602257.0,7.618,3.969257934,5.327608862,Lower-middle income
indonesia,2017,29.39883116,14.17964706,3798.883262,3490.0,10401144.0,3.783,4.292678122,6.501563996,Lower-middle income
israel,2017,58.10429221,37.09476943,40997.91102,38190.0,3905583.0,4.14,0.040273259,3.455645341,High income
italy,2017,129.0944019,46.27404852,32554.14668,31370.0,4177286.0,11.211,0.709821721,2.274864132,High income
jamaica,2017,103.0118864,29.07853694,5259.313341,4930.0,588487.0,7.399,6.549827352,7.841678201,Upper-middle income
japan,2017,191.2609547,33.58726606,38834.05293,38930.0,37397437.0,2.822,-0.074349504,1.069144407,High income
jordan,2017,75.65673418,25.13091285,4065.616287,3920.0,1966088.0,18.12,1.78355011,6.49396019,Lower-middle income
kenya,2017,53.86556917,17.80245884,1667.484472,1540.0,4222389.0,3.541,7.581934028,5.656747616,Lower-middle income
kuwait,2017,19.61863504,68.31631506,29047.65358,30650.0,2841715.0,2.227,16.23087384,-9.925022605,High income
kyrgyz republic,2017,58.78610661,33.28721752,1221.390565,1090.0,975889.0,3.57,6.327145863,12.68917742,Lower-middle income
lebanon,2017,149.9793603,21.91639043,8608.21085,8260.0,2331897.0,10.251,2.748536322,5.396472991,Upper-middle income
madagascar,2017,40.13010794,12.83949016,491.8668487,450.0,2903952.0,2.119,4.961539756,52.43678815,Low income
malaysia,2017,50.04967161,19.63123074,9862.548066,9560.0,7318545.0,3.41,3.778960943,0.79892604,Upper-middle income
mexico,2017,34.26567777,23.98413209,9649.278168,9270.0,21500251.0,3.419,6.56759493,0.717765162,Upper-middle income
moldova,2017,29.35125017,30.32794783,3453.267277,3300.0,515129.0,1.586,6.252466491,3.868370945,Lower-middle income
mongolia,2017,75.41519124,28.46090326,3645.967087,3200.0,1466589.0,6.359,10.80044641,8.30906022,Lower-middle income
mozambique,2017,103.7922354,26.60474875,470.9385631,480.0,1604256.0,3.539,7.978012402,18.40940396,Low income
myanmar,2017,40.10527082,17.90874296,1272.822418,1230.0,5053341.0,1.356,5.873408947,9.564810611,Lower-middle income
namibia,2017,43.82930783,33.09912614,5143.960723,4430.0,391736.0,21.733,9.919036989,0.09799587,Upper-middle income
new zealand,2017,31.12740221,36.97805938,42913.18696,38810.0,1525666.0,4.736,3.616932544,1.103166662,High income
nicaragua,2017,33.72093129,25.55224035,2182.618751,2050.0,1040748.0,3.3,4.122704127,6.394282936,Lower-middle income
niger,2017,36.50714507,15.39257132,521.80413,520.0,1177828.0,0.554,0.368276729,4.754214605,Low income
nigeria,2017,15.98578063,6.575671895,1876.340271,2020.0,13042316.0,4.828,11.11891808,5.790566865,Lower-middle income
north macedonia,2017,39.2921794,29.02981042,5955.297386,5390.0,575931.0,22.857,2.807027035,3.695885564,Upper-middle income
norway,2017,15.70961968,54.18039881,76131.8384,76230.0,997451.0,4.164,4.080949341,-1.032961377,High income
oman,2017,40.10569113,28.96926099,17820.06618,16640.0,1377500.0,2.522,7.297943298,-1.999367849,High income
pakistan,2017,60.85596104,13.95667387,1519.234595,1450.0,15020931.0,3.215,4.029745993,4.018325688,Lower-middle income
papua new guinea,2017,32.48437021,15.89194485,2477.76531,2310.0,359441.0,2.569,7.699535038,0.639555495,Lower-middle income
paraguay,2017,15.8986442,17.61819971,6152.267115,5810.0,3134940.0,6.138,2.159209292,14.50938861,Upper-middle income
peru,2017,21.2191596,18.07688123,6736.166937,6090.0,10194477.0,3.691,3.615658261,12.71220357,Upper-middle income
qatar,2017,51.56880701,27.84306302,63279.85569,60920.0,659067.0,0.14,7.787569656,-2.867711715,High income
romania,2017,35.93375071,28.1625001,10727.9822,10030.0,1830515.0,4.927,4.651306647,0.872621781,Upper-middle income
russian federation,2017,13.49453762,33.3612456,10658.91309,9160.0,12288465.0,5.238,5.349815088,4.945604231,Upper-middle income
rwanda,2017,41.31654259,22.57528832,758.301003,720.0,1021081.0,11.875,8.162625947,8.328391907,Low income
senegal,2017,61.13942173,19.49499007,1356.805184,1270.0,2903112.0,4.078,0.598916827,4.514047781,Lower-middle income
south africa,2017,48.58820789,25.84412531,6618.335083,5850.0,5313563.0,27.035,5.473321975,4.647315485,Upper-middle income
sri lanka,2017,72.26027871,12.78599578,4401.05567,4230.0,593517.0,4.046,5.472845295,5.780781478,Upper-middle income
switzerland,2017,14.1767804,33.56914348,82254.37693,80770.0,1356037.0,4.797,-0.367869217,3.006367395,High income
thailand,2017,32.45882556,21.09676841,6413.091825,5800.0,9898653.0,0.83,1.89994499,2.469714624,Upper-middle income
togo,2017,57.1055574,16.06358133,792.7654872,770.0,1708106.0,3.744,-0.884951534,6.078745485,Low income
trinidad and tobago,2017,39.49685084,20.33311008,17720.49724,17050.0,544631.0,3.394,8.213660553,0.726654512,High income
uganda,2017,33.63964643,12.45979263,765.2183323,760.0,2843137.0,3.428,4.64905082,15.89084711,Low income
ukraine,2017,71.83916102,39.31358482,2604.287598,2330.0,2935992.0,9.5,22.0983175,-4.680484232,Lower-middle income
united states,2017,88.37883246,30.39988069,60322.26142,59130.0,18761941.0,4.355,1.790803285,2.26529638,High income
uruguay,2017,43.46831183,27.21713989,19184.66267,16720.0,1727095.0,7.89,5.680171409,7.715058204,High income
albania,2018,67.61001611,27.45651678,5365.489347,4880.0,475577.0,12.304,2.966523656,2.880524892,Upper-middle income
algeria,2018,34.49266525,30.09578403,4577.210292,4450.0,2693542.0,12.137,6.164678365,1.728749772,Upper-middle income
angola,2018,82.54136189,20.29534804,2538.591391,1970.0,7774200.0,16.594,28.16709326,-5.844003353,Lower-middle income
argentina,2018,85.24631042,33.50806281,11752.79989,12390.0,14966530.0,9.22,42.03366896,4.564409099,Upper-middle income
australia,2018,32.91540593,35.56223601,57196.42208,53080.0,4792281.0,5.3,1.869014789,3.329588051,High income
azerbaijan,2018,18.68538681,38.61193711,4739.794312,4080.0,2285729.0,4.9,12.18487696,4.691769978,Upper-middle income
bangladesh,2018,29.55290532,8.881893251,1965.243727,2020.0,19578421.0,4.407,5.805538767,3.634303658,Lower-middle income
benin,2018,41.0803507,13.59107181,1151.74097,1120.0,927545.0,1.41,0.670447614,6.052308163,Lower-middle income
bolivia,2018,35.85085801,28.92226677,3500.726422,3320.0,1814087.0,3.519,3.056265908,4.83325936,Lower-middle income
bosnia and herzegovina,2018,34.89421978,42.05519951,6047.845843,5720.0,342577.0,18.4,2.791624904,0.971534856,Upper-middle income
brazil,2018,80.35937079,37.19052129,9300.661649,9320.0,21650181.0,12.329,4.493534331,33.10233425,Upper-middle income
bulgaria,2018,26.61127148,34.44948893,9436.144799,8490.0,1272418.0,5.211,4.255257298,0.679071464,Upper-middle income
burkina faso,2018,38.11438819,19.75728558,777.4656185,730.0,2531381.0,4.695,1.07396689,5.628913773,Low income
burundi,2018,52.970966,19.35965699,224.8993924,230.0,898968.0,1.146,-2.850859302,18.15767576,Low income
chile,2018,25.79802758,24.13343991,15659.48087,14460.0,6680371.0,7.623,1.590199738,2.547312161,High income
colombia,2018,41.36218283,29.9902423,6816.968183,6350.0,10574409.0,9.36,4.630579673,7.15306949,Upper-middle income
costa rica,2018,51.58430114,13.23489282,12590.24938,12070.0,1357745.0,9.01,2.192478428,8.739207219,Upper-middle income
dominican republic,2018,25.2,14.19125227,7934.981412,7670.0,3172152.0,5.861,4.121489687,8.079225853,Upper-middle income
guatemala,2018,26.48332468,11.30678,4352.946518,4270.0,2851104.0,2.283,1.271612175,11.50541688,Upper-middle income
haiti,2018,24.11319975,10.13617356,1496.38049,1430.0,2636763.0,13.878,6.535758876,6.163884496,Lower-middle income
honduras,2018,48.54642564,26.35333916,2464.642415,2280.0,1363041.0,5.648,1.947216915,15.55407811,Lower-middle income
hungary,2018,69.20589969,44.03905505,16425.20503,14980.0,1759497.0,3.708,4.847425392,-3.220353563,High income
india,2018,44.12789747,19.95184957,1966.254552,1970.0,28513682.0,7.652,3.884240272,5.36166639,Lower-middle income
indonesia,2018,29.77540705,14.92104244,3860.953531,3810.0,10516927.0,4.387,3.818323569,6.471249839,Lower-middle income
israel,2018,58.53501978,35.51936364,42233.26103,41550.0,4010977.0,3.917,0.653516851,2.805753572,High income
italy,2018,129.7718019,46.12868895,34746.34414,33850.0,4209710.0,10.61,1.070581531,1.59237084,High income
jamaica,2018,95.59797973,30.62655871,5578.103461,5210.0,589083.0,5.47,4.99324115,8.668017564,Upper-middle income
jordan,2018,74.30178255,25.45882581,4145.439897,4090.0,2064582.0,18.257,2.273046806,6.246631014,Lower-middle income
kenya,2018,56.44892837,17.54343089,1836.452755,1720.0,4385853.0,4.284,4.215028415,8.487960475,Lower-middle income
kuwait,2018,14.2617598,67.837514,32067.96237,32340.0,2989270.0,2.204,11.29917011,-5.815110842,High income
kyrgyz republic,2018,54.81799104,32.4695953,1283.520403,1200.0,996319.0,3.67,3.447445116,15.53033705,Lower-middle income
lebanon,2018,155.0814997,21.02633003,9174.536662,8700.0,2385271.0,10.745,5.522487101,3.385546529,Upper-middle income
madagascar,2018,42.89565087,13.0132314,500.4571855,470.0,3058387.0,2.297,8.297993311,43.48334497,Low income
malaysia,2018,51.18588126,20.15527467,10901.802,10200.0,7563912.0,3.3,0.624674675,4.277048074,Upper-middle income
mexico,2018,34.39623323,22.83115016,10084.79376,9560.0,21580827.0,3.275,5.20449997,2.695226944,Upper-middle income
moldova,2018,27.51074075,30.67549675,4156.44982,3850.0,509707.0,1.196,3.211032132,5.461109875,Lower-middle income
mongolia,2018,65.17676727,31.25983927,4107.642885,3650.0,1520381.0,5.377,7.960615865,9.034455714,Lower-middle income
mozambique,2018,105.5254804,25.46569366,517.5072603,470.0,1635392.0,3.604,3.795118615,18.48662536,Low income
myanmar,2018,40.41543518,17.62908802,1298.213103,1310.0,5157461.0,0.767,5.34109464,10.11846839,Lower-middle income
namibia,2018,48.74446165,31.23551279,5308.608134,4670.0,404280.0,19.877,4.428488941,5.471387276,Upper-middle income
nicaragua,2018,37.89309489,23.32952014,2035.167501,1990.0,1047923.0,5.2,2.658478923,8.023990436,Lower-middle income
nigeria,2018,24.96958663,8.504721322,2057.879446,1950.0,13463421.0,5.067,10.22848509,6.055977158,Lower-middle income
north macedonia,2018,40.30682608,28.51120556,6713.989254,6050.0,584208.0,21.208,3.926155289,2.098377491,Upper-middle income
norway,2018,14.64720897,55.50784702,82792.84271,80970.0,1012225.0,3.801,6.742957247,-3.57599603,High income
oman,2018,44.69061233,31.6013947,19901.76156,17260.0,1446563.0,1.8,11.73229461,-5.804866112,High income
pakistan,2018,64.81953026,13.43453566,1569.338146,1560.0,15400223.0,4.083,3.841786633,4.515568205,Lower-middle income
papua new guinea,2018,36.67618005,17.73925875,2566.368337,2310.0,366862.0,2.635,9.797605661,-0.658125153,Lower-middle income
paraguay,2018,17.85787888,17.47381418,6258.449916,6060.0,3222199.0,6.217,1.960248198,13.49296264,Upper-middle income
peru,2018,21.89376567,19.21143308,6978.491215,6500.0,10390607.0,3.492,2.277415318,11.9886777,Upper-middle income
qatar,2018,52.17736098,31.15581852,71039.84906,63410.0,693373.0,0.11,12.41440353,-6.612818867,High income
romania,2018,35.28517444,28.98996967,12502.26241,11530.0,1821380.0,4.187,6.186748702,0.585245895,Upper-middle income
russian federation,2018,12.91772868,35.5443019,11211.8877,10180.0,12409738.0,4.871,9.997976711,-1.028482595,Upper-middle income
rwanda,2018,44.94744849,23.80258213,771.773522,770.0,1057836.0,10.759,-0.603329019,17.65652261,Low income
south africa,2018,51.53626853,26.42002542,6914.178032,6250.0,5485986.0,26.906,3.993295085,5.856183558,Upper-middle income
sri lanka,2018,83.58494313,12.58772348,4360.584735,4360.0,599821.0,4.318,4.295306202,6.959910977,Upper-middle income
switzerland,2018,12.81897018,33.02888494,85217.36915,82470.0,1370779.0,4.713,0.764289197,1.849004653,High income
thailand,2018,33.90484472,21.47264401,7099.776501,6430.0,10156316.0,0.765,1.428586164,2.679797289,Upper-middle income
trinidad and tobago,2018,40.31845315,23.74956669,18076.35656,17090.0,544417.0,3.498,2.687057268,6.239045993,High income
uganda,2018,34.88577301,13.16141467,792.1657002,770.0,2986352.0,3.25,4.443385272,14.7478688,Low income
ukraine,2018,60.90335955,39.79779006,3059.051758,2720.0,2956706.0,8.799,15.39853035,3.125121819,Lower-middle income
united states,2018,90.41917263,30.01447727,63201.04585,63360.0,18819361.0,3.896,2.290890277,2.554749873,High income
uruguay,2018,46.09403249,28.45470498,19249.94015,17700.0,1736989.0,8.336,7.525560057,4.348384407,High income
albania,2019,65.72986636,27.20893457,5460.428237,5280.0,484624.0,11.466,1.000590838,5.222981817,Upper-middle income
algeria,2019,40.88159844,28.59050698,4468.453419,4480.0,2729325.0,12.259,0.882992828,7.054714548,Upper-middle income
angola,2019,101.3728462,18.90689751,2189.855714,2110.0,8044735.0,16.497,19.18700383,0.090918787,Lower-middle income
argentina,2019,89.83968781,33.68429996,9955.974787,11210.0,15057273.0,9.843,49.19557906,12.10396965,Upper-middle income
australia,2019,36.58144583,34.45937348,54972.70179,54890.0,4870388.0,5.159,3.46820261,1.578066835,High income
azerbaijan,2019,17.65600846,41.47488725,4805.753718,4510.0,2313138.0,5.0,-0.241307927,17.56490862,Upper-middle income
bangladesh,2019,31.95137353,8.143962746,2129.79897,2220.0,20283552.0,4.441,3.658137552,5.689563715,Lower-middle income
benin,2019,41.22964235,14.06153341,1130.821353,1170.0,991000.0,1.214,-0.397553793,7.114169778,Lower-middle income
bolivia,2019,40.20495999,28.81652192,3503.896011,3470.0,1835355.0,3.682,-0.693003423,9.155986432,Lower-middle income
bosnia and herzegovina,2019,33.16801699,41.28238367,6122.375345,6180.0,342743.0,15.692,2.471504685,0.796048107,Upper-middle income
brazil,2019,82.68308148,38.1843502,9029.833267,9410.0,21846507.0,11.936,4.224258869,31.90307275,Upper-middle income
bulgaria,2019,24.5899964,34.91115644,9838.60059,9440.0,1276937.0,4.23,5.235487048,-0.652136208,Upper-middle income
burkina faso,2019,41.89830796,20.0375824,764.8530778,750.0,2652720.0,4.71,0.512900516,6.143920617,Low income
burundi,2019,59.98754138,22.37571392,210.2364945,220.0,954424.0,1.043,0.851867434,13.56590239,Low income
colombia,2019,40.67864176,29.39708415,6472.545449,6630.0,10779376.0,10.28,4.002620543,7.467547259,Upper-middle income
costa rica,2019,56.08208082,15.00221648,12884.686,12240.0,1378546.0,10.807,2.566792117,6.024715568,Upper-middle income
dominican republic,2019,26.3,14.39607292,8164.220809,7980.0,3245021.0,6.356,2.525618656,9.715764841,Upper-middle income
guatemala,2019,26.48708001,11.20503557,4511.997552,4490.0,2891230.0,2.193,3.565782872,8.859152325,Upper-middle income
haiti,2019,26.53020969,7.593454586,1352.172042,1410.0,2704187.0,14.057,19.8003879,-4.740152627,Lower-middle income
honduras,2019,48.26855834,26.0282446,2502.327443,2330.0,1403162.0,5.698,3.358740885,13.52611851,Lower-middle income
hungary,2019,65.19206295,44.03783687,16786.21364,16570.0,1763913.0,3.419,4.785025181,-2.855934221,High income
india,2019,46.70443438,19.15176483,2041.428637,2070.0,29399141.0,6.51,2.405517161,6.894875427,Lower-middle income
indonesia,2019,30.18192082,14.26816725,4106.948562,4020.0,10638689.0,3.59,1.5984885,8.62940479,Lower-middle income
israel,2019,57.78427482,34.72744594,44140.82894,43800.0,4096963.0,3.731,1.901665382,1.601439229,High income
italy,2019,129.6289439,46.97369887,33812.78872,34890.0,4234019.0,9.951,1.047006904,1.539375726,High income
jamaica,2019,94.73549809,30.63331137,5607.243007,5480.0,589849.0,4.987,3.182503095,9.513194465,Upper-middle income
jordan,2019,78.01500415,24.29721804,4170.1144,4190.0,2108509.0,16.801,0.844355657,7.755163184,Lower-middle income
kenya,2019,59.08464572,17.00018508,1960.408089,1880.0,4556381.0,5.014,4.275234239,7.831100748,Lower-middle income
kuwait,2019,10.51663019,60.76780074,31707.87375,35680.0,3052493.0,2.251,-0.110446099,4.926987765,High income
kyrgyz republic,2019,48.84825072,30.76639063,1421.999275,1240.0,1017166.0,4.295,9.811311947,8.364750007,Lower-middle income
lebanon,2019,172.100208,20.77164177,8905.880055,8630.0,2406875.0,11.301,4.094823156,6.166022462,Upper-middle income
madagascar,2019,41.25262434,13.94074427,499.8188376,490.0,3210386.0,2.469,6.522090641,39.87708944,Low income
malaysia,2019,52.42137105,21.56685427,10920.19176,10750.0,7780301.0,3.26,0.071826909,4.801617186,Upper-middle income
mexico,2019,35.12669994,22.9777526,10369.55536,9860.0,21671908.0,3.477,4.319010229,3.939987955,Upper-middle income
moldova,2019,25.4510312,30.51990102,4405.334182,4490.0,504342.0,1.466,5.351712003,2.75105923,Upper-middle income
mongolia,2019,62.47516631,31.82178779,4347.546103,3800.0,1552654.0,9.269,9.972213257,6.387440867,Upper-middle income
mozambique,2019,98.26176394,29.70849464,519.0925509,500.0,1668740.0,3.646,4.677645347,13.64253842,Low income
myanmar,2019,38.75277603,16.34942693,1425.989542,1380.0,5243989.0,0.407,5.422933005,10.03298494,Lower-middle income
namibia,2019,57.56836798,31.92346194,4731.921032,4870.0,417380.0,19.921,0.926315844,8.867377566,Upper-middle income
nicaragua,2019,41.76270027,26.53204947,1958.621329,1930.0,1055472.0,5.472,5.39549784,6.700250378,Lower-middle income
nigeria,2019,26.45989467,7.832191303,2265.155209,2050.0,13903620.0,5.206,10.3847792,4.522188496,Lower-middle income
north macedonia,2019,40.35963256,29.43785252,6718.858266,6520.0,589751.0,17.414,0.868168685,4.700387849,Upper-middle income
norway,2019,14.19611024,56.72547413,76430.58895,82430.0,1026758.0,3.684,-0.548467416,3.805170871,High income
oman,2019,52.46377181,33.94849427,19180.18642,17810.0,1501635.0,2.04,-2.666233553,8.300898405,High income
pakistan,2019,77.50451766,11.264619,1390.41691,1520.0,15741406.0,4.83,9.036334842,2.931793303,Lower-middle income
papua new guinea,2019,40.59287388,16.31667286,2575.772743,2420.0,374517.0,2.634,1.062261464,7.508808688,Lower-middle income
paraguay,2019,20.83032225,17.67906698,5821.181995,5950.0,3279160.0,6.595,3.061879455,12.05332607,Upper-middle income
peru,2019,23.03373901,19.73675044,7037.008037,6850.0,10554712.0,3.379,1.872216268,12.28326446,Upper-middle income
qatar,2019,62.08743467,33.46306433,66841.30135,65700.0,715997.0,0.1,-4.455914212,9.937804825,High income
romania,2019,35.68530993,28.75392517,12992.03261,12700.0,1812290.0,3.912,6.946513435,0.20117835,Upper-middle income
russian federation,2019,13.16388013,35.68187685,11447.70117,11190.0,12476171.0,4.513,3.263132819,5.316709231,Upper-middle income
rwanda,2019,49.8538622,23.12310917,810.0514202,820.0,1094796.0,11.236,2.471170295,13.71735061,Low income
south africa,2019,56.10133103,26.32170828,6533.71121,6570.0,5635127.0,28.468,4.613524691,5.268415653,Upper-middle income
sri lanka,2019,82.59402771,11.9339529,4082.694049,4220.0,606158.0,4.67,3.870527612,7.098875133,Lower-middle income
switzerland,2019,12.27017899,33.30622812,84121.93103,83160.0,1383092.0,4.394,-0.103895158,2.739664717,High income
thailand,2019,33.9950846,20.98135526,7605.696578,7060.0,10350204.0,0.716,1.014423406,3.038915787,Upper-middle income
trinidad and tobago,2019,45.66067967,26.83603682,17431.02693,17540.0,544259.0,3.523,-3.812282129,13.57998965,High income
ukraine,2019,50.24338379,39.4207624,3619.861572,3270.0,2973335.0,8.194,8.246226268,10.69365877,Lower-middle income
united states,2019,92.46621038,30.0106755,65604.68152,66220.0,18804722.0,3.669,1.650465669,3.573062166,High income
uruguay,2019,48.51372094,27.86131656,18315.73529,18390.0,1744700.0,8.836,8.25633406,3.049106576,High income
albania,2020,74.29995174,25.8527375,5370.778623,5320.0,493712.0,11.69,0.041064997,6.077272704,Upper-middle income
algeria,2020,45.96737493,26.98740521,3743.541952,4020.0,2767661.0,14.057,-4.711383916,13.33987672,Lower-middle income
angola,2020,119.1454192,18.33498436,1449.922867,1680.0,8329798.0,16.69,10.76310528,8.028656853,Lower-middle income
argentina,2020,103.8158144,33.80516838,8535.59938,9040.0,15153729.0,11.461,40.0830878,-7.635174216,Upper-middle income
azerbaijan,2020,21.32723232,33.71621017,4229.910649,4480.0,2341443.0,7.24,-7.395965827,26.53682128,Lower-middle income
bangladesh,2020,34.50938983,8.467771464,2248.850788,2320.0,21005860.0,5.436,3.841063386,4.289186251,Lower-middle income
benin,2020,46.14207668,14.38920162,1197.501364,1190.0,1056440.0,1.502,2.878032289,3.557093414,Lower-middle income
bolivia,2020,57.82780444,25.25406201,3099.94219,3150.0,1857797.0,7.903,-1.854386587,9.625096813,Lower-middle income
bosnia and herzegovina,2020,37.09836106,40.76911569,6130.311332,6160.0,343089.0,15.868,0.06214255,3.00786242,Upper-middle income
brazil,2020,90.94166454,34.5415339,7074.193783,8080.0,22043028.0,13.697,6.472499608,21.19717969,Upper-middle income
bulgaria,2020,29.98646722,34.87984266,10198.53883,9550.0,1280968.0,5.125,4.341038624,-0.004222011,Upper-middle income
burkina faso,2020,43.84794498,19.35794721,825.2370388,780.0,2780331.0,5.04,6.465595788,0.06753751,Low income
burundi,2020,65.96489731,23.10708706,210.0081399,210.0,1012996.0,1.03,5.966502331,5.877798674,Low income
colombia,2020,52.37701724,26.58814219,5339.687114,5850.0,10978360.0,15.983,1.48172462,8.246607616,Upper-middle income
costa rica,2020,66.92993981,13.91240633,12394.0494,11700.0,1399629.0,16.432,0.772593247,5.820520183,Upper-middle income
dominican republic,2020,38.9,14.186693,7162.291752,7160.0,3317784.0,6.126,4.72350402,5.973957523,Upper-middle income
guatemala,2020,31.52482138,10.67542708,4477.617618,4360.0,2934841.0,2.955,2.872322034,9.383973364,Upper-middle income
haiti,2020,22.32137357,7.908540937,1290.325387,1340.0,2773553.0,15.546,18.68518613,-3.413247764,Lower-middle income
honduras,2020,57.73376154,23.82733104,2307.614943,2120.0,1444085.0,10.982,3.401982283,13.15950051,Lower-middle income
hungary,2020,78.41910141,43.84990082,16131.95404,16040.0,1768073.0,4.25,6.389476606,-4.165625787,High income
india,2020,55.03307629,18.15482745,1907.042516,1900.0,30290936.0,7.859,4.814857919,4.135999578,Lower-middle income
indonesia,2020,39.33446318,12.35184105,3853.702888,3850.0,10770487.0,4.255,-0.401651435,9.98592672,Lower-middle income
israel,2020,69.4157389,33.91554489,44679.77158,43130.0,4181480.0,4.169,0.971284968,2.3142605,High income
italy,2020,149.8553452,47.40498871,32091.48666,32430.0,4257056.0,9.164,1.577402775,0.739269304,High income
jamaica,2020,108.676088,29.52542114,4879.440246,4880.0,590940.0,6.501,3.464192043,8.309335384,Upper-middle income
jordan,2020,87.94970476,22.65342713,4022.040136,4070.0,2148293.0,19.213,-0.70858797,8.247864681,Lower-middle income
kenya,2020,67.96496109,16.669089,1927.66459,1910.0,4734881.0,5.619,4.948852833,6.714634409,Lower-middle income
kuwait,2020,10.23001958,58.66376664,25236.07555,33160.0,3114553.0,3.557,-16.45867999,24.65676664,High income
kyrgyz republic,2020,63.6430074,29.01129435,1229.517757,1210.0,1038429.0,4.63,5.340185535,11.10267685,Lower-middle income
madagascar,2020,51.94117011,12.39824031,450.7716152,450.0,3368585.0,3.284,4.311145136,42.71405656,Low income
malaysia,2020,62.0067601,20.13852759,9957.526267,10110.0,7996830.0,4.54,-0.818007729,4.801491997,Upper-middle income
mexico,2020,40.28829681,23.49761133,8841.27075,8920.0,21782378.0,4.44,4.619790118,1.645842098,Upper-middle income
moldova,2020,33.95558025,31.36942089,4375.778893,4360.0,499034.0,1.186,5.575009401,2.467431084,Upper-middle income
mongolia,2020,75.17882216,27.88389507,4001.251931,3690.0,1584358.0,6.594,3.70672177,12.75125152,Lower-middle income
mozambique,2020,119.9664343,27.66572316,462.4338765,480.0,1705886.0,3.921,3.171661068,13.47592816,Low income
myanmar,2020,40.58487083,16.75012514,1490.216835,1320.0,5331800.0,1.476,5.344110008,9.007834728,Lower-middle income
namibia,2020,64.29672368,33.40660141,3878.58983,4240.0,431171.0,21.004,4.631530615,3.0938071,Lower-middle income
nicaragua,2020,47.82132755,26.45162689,1931.615158,1810.0,1063698.0,6.201,5.392609415,5.486902398,Lower-middle income
nigeria,2020,31.02671582,6.517972884,2019.657063,2060.0,14368332.0,5.742,7.849142047,5.371280211,Lower-middle income
north macedonia,2020,50.68239418,28.35439331,6659.596511,6460.0,595275.0,16.575,1.374280718,3.767168601,Upper-middle income
norway,2020,18.42984768,54.15052397,68340.0181,78610.0,1041378.0,4.424,-2.517260591,5.349419417,High income
oman,2020,67.90217152,28.86498496,16784.86306,17100.0,1549729.0,2.94,-10.7835606,18.21419899,High income
pakistan,2020,79.5588403,13.26482908,1278.397352,1370.0,16093786.0,6.127,9.944498211,0.739692508,Lower-middle income
papua new guinea,2020,48.67999197,14.65575787,2429.611346,2410.0,382516.0,2.883,1.634496646,5.968777224,Lower-middle income
paraguay,2020,30.9515068,16.91259884,5365.472207,5550.0,3336562.0,7.548,2.203921468,11.08900009,Upper-middle income
peru,2020,30.57904098,17.78300259,6133.325524,6080.0,10719188.0,7.179,3.719171197,8.888580607,Upper-middle income
qatar,2020,72.61403096,32.56589029,51683.50544,57730.0,737903.0,0.14,-15.10042031,22.59952355,High income
romania,2020,47.03326504,28.61844157,13082.30066,12740.0,1803247.0,5.035,4.11051645,2.282079524,Upper-middle income
russian federation,2020,18.49552742,35.16381617,10108.32715,10660.0,12537954.0,5.62,0.898246027,5.825262121,Upper-middle income
rwanda,2020,65.64071618,23.91711167,778.7015386,770.0,1132101.0,11.829,6.711836801,9.027267721,Low income
south africa,2020,68.92707936,24.99435925,5580.603831,5930.0,5782747.0,29.217,5.391394335,2.198413839,Upper-middle income
switzerland,2020,13.85528645,33.98154948,85897.78433,81740.0,1395356.0,4.817,-0.699187623,3.357509619,High income
thailand,2020,45.04697161,20.42119766,6985.643939,6900.0,10539415.0,1.099,-1.298775057,4.651690048,Upper-middle income
trinidad and tobago,2020,62.72380971,23.25957791,15224.50835,15180.0,544207.0,4.206,-3.791883174,10.75468839,High income
ukraine,2020,60.44333247,39.6821555,3709.769287,3530.0,2988176.0,9.475,10.29496014,3.624317792,Lower-middle income
united states,2020,117.0550804,30.64625687,64411.37318,64620.0,18803552.0,8.055,1.328832738,2.186281899,High income
uruguay,2020,58.03543425,28.06792773,15789.68574,16140.0,1752388.0,10.413,10.97664321,0.229432279,High income
albania,2021,74.48991532,27.52710954,6413.283286,6150.0,502734.0,11.474,3.444398809,2.491452304,Upper-middle income
algeria,2021,55.13449609,26.22458212,4160.559267,4120.0,2809158.0,13.63,15.93259959,-6.84242363,Lower-middle income
angola,2021,74.29215884,20.67892894,1925.874661,1640.0,8631876.0,15.799,38.82372184,-13.98937224,Lower-middle income
argentina,2021,81.04275435,33.55041333,10738.01792,10070.0,15257673.0,8.736,53.80208777,-11.86183796,Upper-middle income
azerbaijan,2021,26.34877343,36.37296457,5408.045352,4910.0,2370776.0,6.04,21.58882419,-4.246163591,Upper-middle income
bangladesh,2021,35.61443976,9.361879718,2482.849178,2600.0,21741090.0,5.327,4.121174707,3.076215735,Lower-middle income
benin,2021,50.28803642,14.14613519,1318.834978,1280.0,1122713.0,1.779,1.618725067,4.557501514,Lower-middle income
bolivia,2021,62.73414292,25.07088866,3384.844865,3330.0,1881796.0,5.089,3.95611964,3.906454516,Lower-middle income
bosnia and herzegovina,2021,35.6177802,40.46666049,7295.343824,6970.0,343661.0,14.897,4.964604416,-1.6799107,Upper-middle income
brazil,2021,84.5093105,37.74023987,7972.53665,8060.0,22237472.0,13.158,13.04727088,15.01088497,Upper-middle income
bulgaria,2021,31.49709979,35.79298365,12274.0776,11100.0,1284311.0,5.267,6.966624339,-2.664794765,Upper-middle income
burkina faso,2021,55.63886892,20.41564499,895.5352884,830.0,2914619.0,5.2,0.112863113,6.130218132,Low income
burundi,2021,66.56368012,25.12987448,214.0914554,220.0,1074642.0,1.118,8.516719715,4.000870677,Low income
colombia,2021,50.94821976,27.21651027,6222.621644,6260.0,11167392.0,13.898,7.802113095,1.424587394,Upper-middle income
costa rica,2021,67.74325356,15.6874365,12838.11854,12630.0,1420533.0,15.139,2.374130826,3.065307094,Upper-middle income
dominican republic,2021,35.3,15.59854122,8472.47982,8090.0,3388809.0,7.702,7.777158111,1.699015129,Upper-middle income
guatemala,2021,30.59918824,12.3037514,4913.947129,4800.0,2983174.0,2.174,3.166421252,8.744200525,Upper-middle income
haiti,2021,28.86324424,6.964437228,1835.443941,1450.0,2843925.0,15.28,18.96023641,-4.718161778,Lower-middle income
honduras,2021,55.11550316,25.59415734,2735.147515,2440.0,1485300.0,8.506,4.605728089,10.85992656,Lower-middle income
hungary,2021,75.20911774,41.24982789,18755.10235,17740.0,1771865.0,4.045,6.439248105,-3.264501158,High income
india,2021,54.42123285,20.4382655,2239.613844,2170.0,31181377.0,6.38,8.354907715,0.316945144,Lower-middle income
indonesia,2021,40.69606723,13.71885159,4287.17314,4130.0,10915364.0,3.827,6.003973221,2.75322395,Upper-middle income
israel,2021,66.00134595,36.41575681,52255.61591,49380.0,4263745.0,4.812,2.070202117,1.009646234,High income
italy,2021,141.544932,47.17553465,36852.54254,36410.0,4278350.0,9.497,1.283321912,0.733185623,High income
jamaica,2021,98.97649283,31.01484183,5165.33781,5180.0,592477.0,5.188,7.425960713,3.786210143,Upper-middle income
jordan,2021,93.30020103,24.72817357,4183.499983,4240.0,2182151.0,19.837,2.203606005,4.708471174,Lower-middle income
kenya,2021,68.23221097,16.81922567,2061.356221,2070.0,4922192.0,5.693,4.330747559,7.427581005,Lower-middle income
kuwait,2021,7.192223609,56.54047587,34043.54215,36140.0,3177315.0,3.002,28.77708368,-19.46861685,High income
kyrgyz republic,2021,56.20105464,31.37049114,1349.997307,1270.0,1060113.0,4.096,15.99279792,0.543018693,Lower-middle income
madagascar,2021,51.94556837,10.91832076,490.2062386,480.0,3531887.0,3.487,6.640743416,39.04941825,Low income
malaysia,2021,63.25873694,18.41826252,10903.11164,10520.0,8210746.0,4.64,5.675938488,-2.111958612,Upper-middle income
mexico,2021,40.19027543,22.99829626,10314.05067,9880.0,21918935.0,4.019,4.48797277,0.386354415,Upper-middle income
moldova,2021,32.11878306,31.96415988,5274.605822,5270.0,494425.0,0.785,6.381728551,0.95405304,Upper-middle income
mongolia,2021,61.28491802,32.84623628,4517.61578,3690.0,1615094.0,7.747,14.42006548,1.386729673,Upper-middle income
mozambique,2021,104.3355795,26.8895919,509.9078295,490.0,1748247.0,4.053,4.550565208,13.0234604,Low income
namibia,2021,69.60293682,30.57941392,4412.835569,4140.0,445745.0,20.922,1.53433033,5.245250522,Upper-middle income
nicaragua,2021,47.1446749,28.87352184,2128.609806,2030.0,1072852.0,6.118,3.542833874,5.869106819,Lower-middle income
nigeria,2021,32.57905915,7.077378073,2017.274865,2110.0,14862111.0,5.45,10.13103369,1.22771853,Lower-middle income
north macedonia,2021,51.21353499,29.95500683,7620.80297,7050.0,600708.0,15.801,4.285525315,0.548918285,Upper-middle income
norway,2021,15.09120175,56.61840039,93072.89251,81770.0,1056180.0,4.359,20.21347548,-14.92287678,High income
oman,2021,61.87394204,33.32746384,19403.46002,17900.0,1589865.0,1.9,12.14105028,-5.923980703,High income
pakistan,2021,73.50793663,12.41708228,1455.319224,1420.0,16459472.0,6.338,10.26734208,-1.452259423,Lower-middle income
papua new guinea,2021,52.57595075,15.12716965,2607.578619,2370.0,390986.0,3.003,11.59527033,-3.542059015,Lower-middle income
paraguay,2021,30.85867915,17.05503955,5976.931798,5750.0,3394309.0,7.311,8.448126027,3.745212562,Upper-middle income
peru,2021,32.3835584,20.96261735,6826.972007,6550.0,10882757.0,5.097,10.08310183,0.814299824,Upper-middle income
qatar,2021,58.39596469,29.61152509,71751.88312,66970.0,759174.0,0.14,22.46602212,-15.20009189,High income
romania,2021,48.91565801,30.41990909,14986.78549,14220.0,1794248.0,5.59,5.610255099,0.003071632,High income
rwanda,2021,66.58110233,24.56330424,828.8330328,840.0,1169889.0,15.775,2.857511328,12.94832223,Low income
south africa,2021,68.67175733,27.01816965,6843.399419,6330.0,5926668.0,34.007,6.538690583,0.472106501,Upper-middle income
switzerland,2021,13.5320261,34.134916,93446.43445,90810.0,1407572.0,5.013,1.246191967,1.376511373,High income
thailand,2021,52.72899732,20.02134899,7058.0695,7090.0,10722815.0,1.215,1.771072263,1.266497157,Upper-middle income
trinidad and tobago,2021,57.76451574,22.81706632,17912.51062,16370.0,544305.0,4.446,19.0933596,-9.787161633,High income
ukraine,2021,49.02095196,36.51597468,4775.945801,4060.0,3000604.0,9.834,24.80475677,-9.224526961,Upper-middle income
united states,2021,112.3150837,31.57615279,71318.30736,71500.0,18822570.0,5.349,4.565985503,-1.258521589,High income
uruguay,2021,56.01150487,27.55302601,17888.21151,16200.0,1759906.0,9.328,11.18062196,-3.354877574,High income
albania,2022,64.45999427,26.78666054,6846.426143,6820.0,511559.0,10.137,9.861574155,-3.053758799,Upper-middle income
algeria,2022,48.08493266,29.73651872,4961.552577,4430.0,2853959.0,12.346,22.95126261,-12.16031645,Upper-middle income
angola,2022,56.10816005,20.09471021,2929.694455,1870.0,8952496.0,14.602,13.71059402,5.634142895,Lower-middle income
argentina,2022,84.46298841,33.87104444,13935.68111,11820.0,15369919.0,6.805,69.87608425,-10.28803887,High income
azerbaijan,2022,17.32412648,32.13977887,7770.594223,5670.0,2401108.0,5.65,37.27056116,-16.52267498,Upper-middle income
bangladesh,2022,37.86259945,8.917513093,2716.485927,2850.0,22478117.0,4.593,5.049021879,1.972480573,Lower-middle income
bolivia,2022,65.36218602,27.53940827,3643.92827,3530.0,1907686.0,3.552,5.124464466,2.511807569,Lower-middle income
bosnia and herzegovina,2022,31.01327,39.55491164,7655.59421,7710.0,344481.0,12.657,11.80884011,-7.555774248,Upper-middle income
brazil,2022,80.14664028,39.48063525,9281.333344,8450.0,22429799.0,9.231,8.570281953,28.39609283,Upper-middle income
bulgaria,2022,31.23373362,36.88665637,13644.20158,12770.0,1286789.0,4.268,15.91835969,-10.50083989,High income
burundi,2022,68.35914368,22.95661551,250.6342254,230.0,1139265.0,0.915,18.33172231,-5.543080238,Low income
colombia,2022,48.53281883,27.76382019,6674.596019,6640.0,11344312.0,10.547,14.86657456,0.819154153,Upper-middle income
costa rica,2022,63.06791267,16.38288164,13625.90085,13210.0,1441324.0,11.325,6.280385137,1.016618065,High income
dominican republic,2022,31.9,15.26539344,10109.5234,9070.0,3457626.0,5.504,10.71415565,1.025970295,Upper-middle income
guatemala,2022,28.98310066,12.57326448,5358.089638,5220.0,3036405.0,3.051,6.315275909,5.274930979,Upper-middle income
haiti,2022,29.50580213,6.571178705,1760.626357,1620.0,2915276.0,14.635,30.20129186,-13.11914161,Lower-middle income
honduras,2022,52.87666314,25.7063757,3003.289968,2700.0,1526660.0,8.774,9.31239503,4.843586541,Lower-middle income
hungary,2022,72.2255505,42.71138478,18353.29836,19050.0,1775207.0,3.609,14.23134116,-3.130410331,High income
india,2022,54.35952229,19.95032565,2352.613925,2380.0,32065760.0,4.822,6.747513083,1.704610929,Lower-middle income
indonesia,2022,39.48312469,15.17010758,4730.745489,4520.0,11074811.0,3.462,9.566686845,-0.95529661,Upper-middle income
israel,2022,58.79707297,37.0776726,54930.72616,55120.0,4343584.0,3.695,4.725798006,-1.687856846,High income
italy,2022,134.6515704,46.81753883,35635.74422,38330.0,4297877.0,8.069,3.560161402,-1.251162981,High income
jamaica,2022,80.87041295,30.0623245,6022.153411,5730.0,594531.0,4.083,12.79780039,-1.234776194,Upper-middle income
jordan,2022,93.0274276,25.68293854,4332.251599,4370.0,2209584.0,18.2,2.616072186,4.631108018,Upper-middle income
kenya,2022,67.80002476,17.10360847,2109.562885,2170.0,5118844.0,5.707,6.957054456,5.02892163,Lower-middle income
kuwait,2022,2.943901924,69.77666624,40077.23805,39000.0,3238523.0,2.174,18.82929168,-12.55289539,High income
kyrgyz republic,2022,46.82241903,34.7256699,1739.720308,1540.0,1082214.0,4.043,19.65728424,-0.829301475,Lower-middle income
madagascar,2022,53.90346068,10.92380676,497.2425148,500.0,3699900.0,3.186,6.932966435,39.18376932,Low income
malaysia,2022,60.26663108,19.83873893,11748.09193,11610.0,8419566.0,3.93,6.403485118,-2.345278868,Upper-middle income
mexico,2022,39.48370837,24.30713564,11385.40708,10720.0,22085139.0,3.256,6.497192004,1.579360574,Upper-middle income
moldova,2022,34.35181249,33.19825857,5738.424735,5520.0,490632.0,0.897,19.25320363,-6.252693208,Upper-middle income
mozambique,2022,100.2585314,27.67932559,578.2516638,500.0,1796872.0,3.596,9.151614199,10.06097731,Low income
namibia,2022,70.03813804,30.20984706,4349.045322,4300.0,461123.0,19.695,6.447852952,2.033559346,Upper-middle income
nicaragua,2022,44.63656603,29.29551928,2325.167379,2160.0,1083094.0,4.961,8.777652258,0.414507365,Lower-middle income
nigeria,2022,35.91092998,8.95840069,2139.374785,2120.0,15387639.0,3.821,11.31133494,0.919231895,Lower-middle income
north macedonia,2022,50.35939558,30.28584232,7606.237525,7570.0,605996.0,14.476,8.873687325,-3.894990801,Upper-middle income
norway,2022,12.84582103,63.05340869,108798.4512,94420.0,1071062.0,3.231,28.16182438,-19.44299027,High income
papua new guinea,2022,48.25533663,16.66496349,3101.710632,2690.0,400051.0,2.689,15.02882075,-6.118455677,Lower-middle income
peru,2022,30.76308966,22.08345246,7363.272069,6920.0,11044607.0,3.85,4.766461937,7.474525962,Upper-middle income
qatar,2022,42.57676734,34.70803884,88701.46335,71070.0,779386.0,0.13,25.87691737,-16.93301458,High income
romania,2022,47.91755837,31.23082033,15557.88262,15440.0,1785294.0,5.614,12.09196246,-3.867242622,High income
rwanda,2022,60.57952501,23.9189981,975.4693159,940.0,1208296.0,15.084,15.91449751,0.40590478,Low income
south africa,2022,70.83246501,27.623909,6523.410978,6530.0,6065354.0,33.268,4.992471384,3.618540675,Upper-middle income
switzerland,2022,14.01633561,32.74870654,93245.79521,95480.0,1419621.0,4.122,2.497159504,0.145920368,High income
thailand,2022,53.53042974,20.05637742,6909.359975,7230.0,10899698.0,0.94,4.766995787,-1.554556797,Upper-middle income
trinidad and tobago,2022,48.36668006,27.84775315,22004.19979,17930.0,544579.0,4.383,20.81452338,-11.0292535,High income
uruguay,2022,52.53329433,27.6410391,20691.9739,17830.0,1767243.0,7.877,4.244653551,6.351125405,High income
albania,2023,59.1314034,27.82188081,8575.171134,7680.0,520059.0,10.108,6.066049475,0.269282389,Upper-middle income
algeria,2023,48.61876664,32.88810405,5364.02795,4950.0,2901810.0,11.701,0.854841037,7.084596921,Upper-middle income
angola,2023,73.68214166,17.36654707,2308.159767,2120.0,9292336.0,14.537,17.61953772,-0.594013727,Lower-middle income
argentina,2023,155.4110343,32.47290733,14187.48273,12890.0,15490415.0,6.139,135.3688763,-16.77142291,High income
azerbaijan,2023,21.82861742,40.68814664,7125.908584,6660.0,2432304.0,5.636,-9.20663945,25.52116823,Upper-middle income
bangladesh,2023,39.33660452,8.20739974,2551.017727,2880.0,23209616.0,4.454,6.89712404,0.629461238,Lower-middle income
bolivia,2023,73.81927525,27.11165886,3686.279965,3620.0,1935619.0,3.024,-0.505250429,9.195612617,Lower-middle income
bosnia and herzegovina,2023,32.2154376,40.75359891,8638.666202,8280.0,345549.0,10.668,6.762704356,-2.48323871,Upper-middle income
brazil,2023,81.19285764,37.80246183,10294.86668,9280.0,22619736.0,7.947,4.658994759,37.20750933,Upper-middle income
bulgaria,2023,30.89726357,34.6840203,15885.53913,14280.0,1288114.0,4.319,7.984199243,-3.283944257,High income
burundi,2023,62.36252747,20.65539565,193.0071456,220.0,1206767.0,0.921,11.37603149,-0.131115724,Low income
colombia,2023,44.22256694,32.31620239,6947.359287,6810.0,11507960.0,9.594,6.33605732,13.81899976,Upper-middle income
costa rica,2023,61.17348115,15.26688179,16942.02681,14260.0,1461989.0,8.325,-0.087922597,9.192541675,High income
dominican republic,2023,31.9,15.71657744,10717.62767,9710.0,3523890.0,5.555,6.423919802,7.527087782,Upper-middle income
guatemala,2023,27.20794682,12.4705511,5762.821746,5480.0,3095099.0,2.344,6.642278016,4.988067349,Upper-middle income
haiti,2023,28.46230819,7.29941073,1705.779055,1760.0,2987455.0,14.556,31.51196314,-13.15302126,Lower-middle income
honduras,2023,47.87432621,25.09148311,3231.657245,2890.0,1568025.0,6.07,6.17858774,7.74172345,Lower-middle income
hungary,2023,69.85465397,42.42259536,22141.86698,19670.0,1778052.0,4.107,14.74900514,0.481988652,High income
indonesia,2023,38.98402752,15.03948099,4876.314327,4810.0,11248839.0,3.308,1.533073673,7.281955254,Upper-middle income
italy,2023,131.6948954,46.62161654,39003.3161,37920.0,4315671.0,7.627,5.81875394,-0.875338875,High income
jamaica,2023,74.20821159,30.54162757,6839.725039,6200.0,597124.0,4.4,11.68655319,-0.031236104,Upper-middle income
jordan,2023,92.8104911,25.24484566,4455.505405,4420.0,2232240.0,17.969,1.790364587,7.038072697,Upper-middle income
kenya,2023,73.10685392,16.92500023,1952.304579,2110.0,5325160.0,5.567,6.107802092,7.050093845,Lower-middle income
kuwait,2023,3.166132076,78.63147346,33729.79855,41320.0,3297759.0,2.127,-7.356710163,13.26000172,High income
kyrgyz republic,2023,44.71655085,37.42404721,1970.15781,1760.0,1104742.0,3.991,13.41574141,5.017049423,Lower-middle income
madagascar,2023,55.57047063,13.77053945,506.1593687,510.0,3872264.0,3.069,8.693675447,41.29923632,Low income
malaysia,2023,59.1167527,19.62138678,11379.0861,11710.0,8621724.0,3.869,-1.872255625,7.326807192,Upper-middle income
mexico,2023,39.97167088,24.36035604,13790.02434,11980.0,22281442.0,2.765,4.459913676,6.827262956,High income
moldova,2023,33.65784023,34.05791546,6729.412868,6200.0,487707.0,1.555,8.708390488,3.333637939,Upper-middle income
mozambique,2023,93.88250152,29.04574671,622.9856193,540.0,1852405.0,3.519,5.301341508,17.47238756,Low income
namibia,2023,66.14487597,33.72154492,4168.285211,4280.0,477267.0,19.365,6.413624393,4.241104375,Lower-middle income
nicaragua,2023,41.67778145,28.91442371,2612.870662,2350.0,1094510.0,4.716,10.66865404,-1.072654128,Lower-middle income
nigeria,2023,42.95010795,9.405496699,1596.636961,1880.0,15945912.0,3.074,12.62186923,1.233050487,Lower-middle income
north macedonia,2023,53.03589773,32.96936382,8624.293609,7900.0,611107.0,13.174,7.766466855,-2.158024038,Upper-middle income
norway,2023,13.81514936,62.11012585,87925.09442,102910.0,1085992.0,3.572,-10.6191584,17.81980506,High income
papua new guinea,2023,52.04803712,17.79434873,2957.682625,2820.0,409831.0,2.661,-3.62211157,12.41398207,Lower-middle income
qatar,2023,43.34161797,32.81809867,80195.87465,79430.0,798382.0,0.13,-10.69348145,19.19511594,High income
romania,2023,49.20029763,31.01070268,18404.27309,16660.0,1776385.0,5.589,12.76993779,-3.058418445,High income
rwanda,2023,64.47269085,22.34672757,1010.268929,990.0,1247551.0,12.352,10.13012423,5.382156617,Low income
south africa,2023,73.36282938,26.77785285,6022.542542,6480.0,6198016.0,32.098,4.804271425,6.38879359,Upper-middle income
switzerland,2023,14.71034798,32.14954077,99564.71003,95070.0,1431538.0,4.043,1.023314026,1.822186737,High income
thailand,2023,54.27483703,20.88686597,7182.025258,7200.0,11069982.0,0.733,1.220238118,3.028638612,Upper-middle income
trinidad and tobago,2023,57.11208405,28.3052806,20016.1503,21000.0,545045.0,4.21,-10.18388327,19.71218223,High income
uruguay,2023,54.46489481,27.68571794,22797.81117,19700.0,1774396.0,8.355,3.43097019,8.183682955,High income
